New York City, Los Angeles, Chicago, Houston, Phoenix, Philadelphia, San Antonio, San Diego, 
Dallas, San Jose, Austin, Jacksonville, Fort Worth, Columbus, San Francisco, Charlotte, 
Indianapolis, Seattle, Denver, Washington, Boston, Nashville, El Paso, Detroit, Memphis, 
Portland, Oklahoma City, Las Vegas, Louisville, Baltimore, Milwaukee, Albuquerque, Tucson, 
Fresno, Mesa, Atlanta, Sacramento, Kansas City, Colorado Springs, Miami, Raleigh, Omaha, 
Long Beach, Virginia Beach, Oakland, Minneapolis, Tulsa, Wichita, New Orleans, Arlington, 
Tampa, Santa Ana, St. Louis, Pittsburgh, Corpus Christi, Riverside, Cincinnati, Lexington, 
Anchorage, Stockton, Toledo, Newark, Greensboro, Buffalo, Plano, Lincoln, Henderson, 
Fort Wayne, Jersey City, St. Petersburg, Chula Vista, Norfolk, Orlando, Chandler, Laredo, 
Madison, Winston-Salem, Lubbock, Baton Rouge, Durham, Garland, Glendale, Reno, Hialeah, 
Chesapeake, Scottsdale, North Las Vegas, Irving, Fremont, Irvine, Birmingham, Rochester, 
San Bernardino, Spokane, Gilbert, Montgomery, Boise, Richmond, Des Moines, Modesto, 
Fayetteville, Shreveport, Akron, Tacoma, Oxnard, Fontana, Yonkers, Augusta, Mobile, Little Rock, 
Moreno Valley, Amarillo, Huntington Beach, Grand Rapids, Salt Lake City, Tallahassee, Worcester, 
Newport News, Huntsville, Knoxville, Providence, Santa Clarita, Grand Prairie, Brownsville, 
Jackson, Overland Park, Garden Grove, Santa Rosa, Chattanooga, Oceanside, Fort Lauderdale, 
Rancho Cucamonga, Port St. Lucie, Tempe, Ontario, Vancouver, Cape Coral, Sioux Falls, Springfield, 
Peoria, Pembroke Pines, Elk Grove, Salem, Lancaster, Corona, Eugene, Palmdale, Salinas, Springfield, 
Pasadena, Fort Collins, Hayward, Pomona, Cary, Escondido, Sunnyvale, Alexandria, Mesquite, Macon, 
Pompano Beach, Lakewood, Rockford, Clarksville, Torrance, Joliet, Paterson, Savannah, Bridgeport, 
Fort Lee, Miramar, Hollywood, Naperville, Dayton, Orange, Fullerton
